                  epoch,         train/box_loss,         train/cls_loss,         train/dfl_loss,   metrics/precision(B),      metrics/recall(B),       metrics/mAP50(B),    metrics/mAP50-95(B),           val/box_loss,           val/cls_loss,           val/dfl_loss,                 lr/pg0,                 lr/pg1,                 lr/pg2
                      0,                 1.5825,                 3.6597,                 2.0024,                 0.0031,                0.88889,                0.18436,                0.02604,                 1.3544,                 3.8124,                 1.9556,                 0.0955,                 0.0005,                 0.0005
                      1,                 1.3498,                 3.6159,                 1.8389,                0.00248,                0.77778,                0.05529,                 0.0372,                0.88354,                 3.6779,                 1.6423,               0.090096,              0.0010964,              0.0010964
                      2,                 1.0355,                 3.5044,                 1.4996,                0.00334,                      1,                 0.2962,                0.15349,                0.84194,                 3.5918,                 1.4486,               0.084689,              0.0016888,              0.0016888
                      3,                0.77783,                  3.243,                 1.2572,                0.00304,                0.88889,                0.27995,                 0.2329,                0.66696,                 3.4412,                 1.2524,               0.079277,              0.0022772,              0.0022772
                      4,                 0.7961,                  3.035,                 1.2604,                0.00511,                      1,                0.49191,                0.39024,                0.72393,                 3.3135,                 1.2802,               0.073862,              0.0028617,              0.0028617
                      5,                0.76746,                 2.6934,                 1.1985,                0.00548,                      1,                0.65706,                0.53506,                0.65559,                 3.1077,                 1.2091,               0.068442,              0.0034422,              0.0034422
                      6,                0.70351,                 2.3769,                 1.1739,                 0.0074,                      1,                0.67758,                0.56719,                 0.5741,                 2.9432,                 1.1653,               0.063019,              0.0040188,              0.0040188
                      7,                0.75355,                 2.2147,                 1.2159,                  0.894,                 0.1456,                0.62667,                0.45814,                0.90853,                 3.0177,                 1.3475,               0.057591,              0.0045914,              0.0045914
                      8,                0.73374,                 2.0268,                 1.1539,                0.00439,                      1,                0.59483,                0.46685,                0.82448,                  3.104,                 1.3569,                0.05216,              0.0051601,              0.0051601
                      9,                0.70622,                 1.8488,                 1.1389,                0.69618,                0.51715,                0.71444,                0.56249,                0.69117,                 2.9086,                 1.2283,               0.046725,              0.0057248,              0.0057248
                     10,                0.71206,                 1.6813,                 1.1425,                0.71007,                0.43333,                 0.7597,                0.60421,                0.80876,                 2.6601,                 1.3354,               0.041285,              0.0062855,              0.0062855
                     11,                0.69192,                 1.6503,                 1.1135,                0.48754,                0.37778,                0.67551,                0.52456,                0.96486,                 2.6702,                 1.5531,               0.035842,              0.0068423,              0.0068423
                     12,                0.68197,                 1.4425,                 1.0988,                0.51014,                0.53333,                0.80694,                0.62607,                 0.8641,                 2.5438,                 1.4992,               0.030395,              0.0073951,              0.0073951
                     13,                0.77042,                 1.3986,                 1.1225,                 0.9168,                0.59833,                 0.8125,                0.61413,                 0.9523,                 2.4204,                 1.6449,               0.024944,              0.0079439,              0.0079439
                     14,                0.76661,                 1.3276,                 1.1223,                0.89172,                0.76667,                0.88204,                0.65166,                  1.032,                 2.1834,                 1.5546,               0.019489,              0.0084888,              0.0084888
                     15,                0.82082,                 1.4664,                 1.1816,                0.75886,                0.83333,                0.87595,                0.69367,                0.79747,                 2.0305,                 1.3485,                0.01403,              0.0090297,              0.0090297
                     16,                0.71457,                 1.2478,                 1.0945,                 0.7962,                0.82468,                0.80139,                0.53796,                 1.3401,                 2.6343,                   1.99,               0.009472,               0.009472,               0.009472
                     17,                0.81347,                 1.3384,                 1.1397,                0.60599,                    0.5,                0.56013,                 0.4378,                  1.067,                 3.1772,                 1.6669,               0.009472,               0.009472,               0.009472
                     18,                0.70342,                 1.3282,                 1.0987,                0.76511,                0.27011,                0.63004,                0.33592,                 1.1644,                 3.2634,                 1.7686,               0.009439,               0.009439,               0.009439
                     19,                0.75766,                 1.3057,                 1.0957,                0.66667,                0.13168,                0.49652,                0.15555,                 2.1138,                   3.56,                 2.8807,               0.009406,               0.009406,               0.009406
                     20,                0.77536,                 1.4022,                 1.1405,                 0.4954,                0.54444,                 0.6162,                0.30309,                 1.6759,                  2.963,                 2.4517,               0.009373,               0.009373,               0.009373
                     21,                0.75054,                 1.2724,                 1.1149,                0.92177,                0.54444,                0.74444,                0.48239,                 1.2354,                 2.2775,                 2.0304,                0.00934,                0.00934,                0.00934
                     22,                0.69104,                 1.1223,                 1.0547,                0.85874,                0.84034,                0.97595,                0.64624,                0.92456,                 2.0375,                 1.6515,               0.009307,               0.009307,               0.009307
                     23,                0.77536,                 1.2453,                 1.1154,                      1,                0.80107,                  0.951,                0.66832,                0.90639,                 1.9611,                 1.5443,               0.009274,               0.009274,               0.009274
                     24,                 0.7447,                 1.0747,                 1.0798,                 0.7073,                      1,                  0.995,                0.79592,                0.76081,                 2.4538,                 1.3785,               0.009241,               0.009241,               0.009241
                     25,                0.76393,                 1.1937,                 1.1211,                0.82419,                0.93968,                0.98389,                0.71198,                0.95697,                 1.6991,                 1.8509,               0.009208,               0.009208,               0.009208
                     26,                0.72817,                 1.1982,                  1.138,                0.72625,                 0.8744,                0.98389,                0.76081,                0.82828,                 2.0916,                 1.4971,               0.009175,               0.009175,               0.009175
                     27,                0.74296,                 1.1709,                 1.1268,                0.74297,                      1,                0.98389,                0.74271,                0.75804,                 1.8326,                 1.3974,               0.009142,               0.009142,               0.009142
                     28,                0.68288,                 1.0929,                 1.0791,                0.72357,                 0.8764,                0.85083,                0.60119,                0.94232,                 2.1379,                 1.5959,               0.009109,               0.009109,               0.009109
                     29,                0.69741,                 1.0864,                 1.1203,                0.44667,                0.90425,                   0.81,                0.57132,                 1.0989,                  2.789,                 2.0266,               0.009076,               0.009076,               0.009076
                     30,                0.75276,                 1.0837,                 1.0983,                0.77141,                0.97378,                 0.9204,                0.69941,                0.77419,                 2.2241,                 1.4203,               0.009043,               0.009043,               0.009043
                     31,                0.64241,                 1.0419,                  1.081,                0.96869,                0.99302,                  0.995,                0.72908,                0.94783,                 1.7403,                 1.5791,                0.00901,                0.00901,                0.00901
                     32,                0.71965,                 1.0403,                 1.0669,                0.84845,                      1,                0.93944,                 0.7106,                 1.0088,                 1.8936,                 1.6393,               0.008977,               0.008977,               0.008977
                     33,                 0.6941,                 1.0071,                 1.0875,                0.67131,                0.76667,                0.79579,                0.58458,                   1.19,                 2.3822,                 1.6707,               0.008944,               0.008944,               0.008944
                     34,                0.68543,                 1.0035,                 1.0822,                0.68044,                0.93333,                0.91325,                0.60615,                 1.1336,                 2.2479,                 1.6616,               0.008911,               0.008911,               0.008911
                     35,                 0.7508,                 1.0893,                 1.1065,                0.79505,                0.92659,                0.95864,                0.65981,                 1.0087,                 1.8547,                 1.5157,               0.008878,               0.008878,               0.008878
                     36,                0.67003,                0.98446,                 1.0577,                0.79927,                 0.9057,                0.98389,                0.70814,                0.94865,                 2.5606,                 1.4858,               0.008845,               0.008845,               0.008845
                     37,                0.69122,                0.94564,                 1.0648,                0.95699,                 0.9369,                  0.995,                0.70073,                 1.0495,                 1.6378,                 1.4851,               0.008812,               0.008812,               0.008812
                     38,                0.74541,                 1.0061,                 1.0723,                0.73954,                 0.9823,                0.98389,                0.59682,                 1.0008,                 2.4824,                 1.4894,               0.008779,               0.008779,               0.008779
                     39,                0.77725,                 1.0157,                 1.1232,                0.95889,                 0.9647,                  0.995,                0.69373,                0.95963,                 1.6183,                 1.4196,               0.008746,               0.008746,               0.008746
                     40,                0.70215,                0.93631,                 1.0912,                0.93926,                 0.9903,                  0.995,                0.75953,                0.87647,                 1.2486,                 1.3227,               0.008713,               0.008713,               0.008713
                     41,                0.77794,                 1.0419,                 1.1313,                0.96717,                0.93333,                0.98389,                0.75522,                 1.0043,                 1.2446,                 1.4564,                0.00868,                0.00868,                0.00868
                     42,                0.63827,                0.89058,                 1.0732,                0.98431,                0.99144,                  0.995,                0.72338,                0.95818,                 1.1787,                 1.3885,               0.008647,               0.008647,               0.008647
                     43,                0.63673,                0.87493,                 1.0368,                0.95473,                0.94939,                  0.995,                0.70927,                0.94892,                 1.1888,                 1.4537,               0.008614,               0.008614,               0.008614
                     44,                0.65534,                0.88165,                 1.0926,                0.95193,                0.78533,                 0.9675,                0.74953,                0.98955,                 1.2698,                  1.532,               0.008581,               0.008581,               0.008581
                     45,                0.67701,                0.98349,                 1.1355,                0.93997,                0.88493,                   0.97,                0.66143,                 1.0983,                 1.2943,                 1.7355,               0.008548,               0.008548,               0.008548
                     46,                0.63413,                0.89735,                 1.0495,                0.94666,                0.95769,                  0.995,                0.70306,                 1.0566,                 1.0226,                 1.6991,               0.008515,               0.008515,               0.008515
                     47,                0.63874,                0.80111,                 1.0513,                0.94719,                0.76667,                0.91444,                0.67616,                0.90076,                 1.2876,                 1.5832,               0.008482,               0.008482,               0.008482
                     48,                0.77538,                 0.9422,                 1.0982,                0.85415,                0.92138,                0.96537,                0.62128,                 1.0309,                 1.1827,                 1.7881,               0.008449,               0.008449,               0.008449
                     49,                 0.6728,                 1.0183,                 1.0903,                0.88876,                0.96863,                  0.995,                0.69088,                0.86662,                 1.1313,                 1.4937,               0.008416,               0.008416,               0.008416
                     50,                0.66449,                 0.8826,                 1.0533,                0.87367,                0.82094,                0.94845,                0.66372,                0.95934,                 1.3011,                 1.6222,               0.008383,               0.008383,               0.008383
                     51,                0.68121,                0.89559,                 1.0734,                0.70406,                0.83458,                0.78489,                0.59034,                0.95143,                 1.5009,                 1.5653,                0.00835,                0.00835,                0.00835
                     52,                0.71518,                0.91459,                 1.1398,                 0.8491,                0.66667,                0.88444,                0.60735,                0.98951,                  1.729,                 1.5854,               0.008317,               0.008317,               0.008317
                     53,                0.69632,                 0.7825,                 1.0918,                0.81597,                0.66667,                 0.6626,                0.46937,                 1.1429,                 1.7945,                 1.8811,               0.008284,               0.008284,               0.008284
                     54,                0.72641,                 0.8442,                 1.1102,                0.81536,                0.66667,                0.60733,                0.44197,                 1.1308,                 1.6056,                 1.8507,               0.008251,               0.008251,               0.008251
                     55,                0.62054,                0.78048,                 1.0147,                0.55525,                0.77778,                0.70114,                0.50019,                 1.0476,                  1.634,                 1.8708,               0.008218,               0.008218,               0.008218
                     56,                0.64076,                0.77752,                 1.0467,                0.78013,                0.61111,                0.72859,                0.54404,                0.96646,                 1.5096,                 1.7386,               0.008185,               0.008185,               0.008185
                     57,                0.63843,                0.75008,                 1.0401,                0.58548,                0.88322,                0.86484,                0.60172,                0.81912,                 1.3511,                  1.401,               0.008152,               0.008152,               0.008152
                     58,                0.59484,                0.74224,                 1.0317,                0.68047,                0.57032,                0.75417,                 0.5498,                 0.8496,                 1.3424,                 1.4011,               0.008119,               0.008119,               0.008119
                     59,                 0.5909,                0.78536,                 1.0327,                0.60528,                0.89937,                0.86537,                0.61645,                0.92801,                 1.2555,                 1.4834,               0.008086,               0.008086,               0.008086
                     60,                0.71694,                0.84759,                 1.0877,                0.67476,                0.93864,                0.93944,                0.75037,                0.87027,                 1.1918,                 1.4896,               0.008053,               0.008053,               0.008053
                     61,                0.63766,                0.78381,                 1.0284,                 0.5707,                0.87452,                0.83299,                0.63751,                0.81603,                 1.2891,                 1.3317,                0.00802,                0.00802,                0.00802
                     62,                 0.5743,                0.71397,                 1.0056,                0.76644,                0.75865,                0.86484,                0.65432,                0.75182,                 1.1364,                 1.2572,               0.007987,               0.007987,               0.007987
                     63,                0.58751,                0.78081,                   1.01,                0.69746,                  0.919,                0.82917,                0.69405,                0.66724,                 1.3209,                 1.2086,               0.007954,               0.007954,               0.007954
                     64,                0.65449,                0.78272,                 1.0604,                0.84425,                0.89661,                0.88444,                0.69661,                0.66208,                 1.1458,                 1.1779,               0.007921,               0.007921,               0.007921
                     65,                0.60955,                0.71141,                 1.0341,                0.80228,                      1,                0.93944,                 0.7769,                0.65138,                0.85821,                 1.1886,               0.007888,               0.007888,               0.007888
                     66,                0.58162,                0.72469,                0.99602,                0.94459,                0.92235,                  0.995,                0.82875,                0.75516,                0.81874,                 1.2378,               0.007855,               0.007855,               0.007855
                     67,                0.60185,                0.74529,                  1.069,                0.85805,                0.98546,                  0.995,                 0.7829,                 0.6924,                0.77737,                 1.2535,               0.007822,               0.007822,               0.007822
                     68,                0.60607,                0.75287,                 1.0493,                0.89981,                0.94843,                  0.995,                0.75871,                0.73676,                0.81194,                 1.3069,               0.007789,               0.007789,               0.007789
                     69,                0.59349,                0.70027,                 1.0152,                0.95137,                0.83333,                0.93944,                0.84749,                0.57308,                0.78466,                 1.1876,               0.007756,               0.007756,               0.007756
                     70,                0.61701,                0.72901,                 1.0568,                0.95679,                0.82318,                  0.895,                0.77888,                0.51973,                0.76208,                 1.0883,               0.007723,               0.007723,               0.007723
                     71,                 0.6185,                0.66617,                 1.0392,                0.96296,                0.83333,                0.87595,                0.75806,                0.62363,                0.84394,                 1.2155,                0.00769,                0.00769,                0.00769
                     72,                0.58867,                0.78357,                 1.0534,                0.95666,                0.99163,                  0.995,                0.84705,                 0.6231,                0.64766,                 1.2609,               0.007657,               0.007657,               0.007657
                     73,                 0.5891,                0.68772,                 1.0186,                0.97108,                      1,                  0.995,                0.85808,                0.62227,                0.65468,                 1.1728,               0.007624,               0.007624,               0.007624
                     74,                0.53819,                0.65084,                0.99565,                 0.9663,                      1,                  0.995,                0.84635,                  0.602,                0.67792,                 1.1799,               0.007591,               0.007591,               0.007591
                     75,                0.58764,                0.71134,                 1.0142,                 0.9513,                      1,                  0.995,                0.82857,                0.74127,                0.67165,                 1.3992,               0.007558,               0.007558,               0.007558
                     76,                0.58501,                0.71109,                  1.022,                0.97737,                      1,                  0.995,                0.80406,                0.69188,                 0.6732,                 1.3156,               0.007525,               0.007525,               0.007525
                     77,                0.61476,                0.71602,                  1.032,                0.96308,                0.87842,                  0.995,                0.74101,                0.75881,                0.90344,                   1.32,               0.007492,               0.007492,               0.007492
                     78,                0.56829,                 0.6871,                 1.0246,                0.93481,                0.85826,                0.97278,                0.72357,                0.88367,                0.97989,                 1.4401,               0.007459,               0.007459,               0.007459
                     79,                 0.6308,                0.70027,                 1.0403,                0.98027,                0.98244,                  0.995,                0.87201,                 0.6512,                 0.6091,                 1.2697,               0.007426,               0.007426,               0.007426
                     80,                0.65428,                0.76012,                 1.0522,                0.87464,                0.98542,                0.98389,                0.81539,                0.75508,                0.72369,                 1.3112,               0.007393,               0.007393,               0.007393
                     81,                0.55237,                0.63241,                 0.9931,                0.92557,                0.75702,                0.84907,                0.70529,                0.93903,                 1.0485,                 1.5175,                0.00736,                0.00736,                0.00736
                     82,                0.51668,                0.60576,                 1.0076,                0.96782,                0.97809,                  0.995,                0.82069,                0.75554,                0.62342,                 1.3426,               0.007327,               0.007327,               0.007327
                     83,                0.53703,                0.64002,                 0.9848,                0.92997,                 0.9781,                  0.995,                0.80129,                0.70579,                0.56066,                 1.2441,               0.007294,               0.007294,               0.007294
                     84,                0.57033,                0.61108,                0.97268,                 0.9431,                0.92127,                0.98389,                0.79823,                0.82838,                0.69709,                 1.4189,               0.007261,               0.007261,               0.007261
                     85,                0.58413,                0.65659,                 1.0218,                0.87476,                0.98777,                  0.995,                 0.8574,                0.56723,                0.62368,                 1.1333,               0.007228,               0.007228,               0.007228
                     86,                0.58365,                0.61974,                 1.0301,                0.96671,                 0.8709,                  0.995,                0.84615,                0.60028,                0.67135,                 1.1305,               0.007195,               0.007195,               0.007195
                     87,                0.57117,                0.62634,                 1.0215,                0.97318,                      1,                  0.995,                0.88701,                 0.5347,                0.52502,                 1.0931,               0.007162,               0.007162,               0.007162
                     88,                0.58293,                0.59676,                 1.0105,                0.96948,                      1,                  0.995,                0.88937,                0.56074,                0.54281,                 1.1199,               0.007129,               0.007129,               0.007129
                     89,                0.54264,                0.55866,                 1.0227,                0.95199,                0.98899,                  0.995,                0.86087,                0.75061,                0.61218,                 1.2708,               0.007096,               0.007096,               0.007096
                     90,                0.57923,                0.62196,                 1.0387,                0.96895,                      1,                  0.995,                0.89231,                0.53879,                0.49849,                 1.1232,               0.007063,               0.007063,               0.007063
                     91,                0.53298,                  0.605,                0.96578,                0.96668,                      1,                  0.995,                0.84923,                0.63268,                0.66065,                 1.1566,                0.00703,                0.00703,                0.00703
                     92,                0.51652,                0.57964,                 1.0068,                0.97174,                0.99018,                  0.995,                0.86689,                0.56064,                0.60001,                 1.1348,               0.006997,               0.006997,               0.006997
                     93,                0.51378,                0.60759,                 1.0133,                0.93158,                      1,                  0.995,                0.82062,                0.64584,                 0.6124,                  1.196,               0.006964,               0.006964,               0.006964
                     94,                0.54386,                0.66152,                0.98665,                0.90458,                0.99187,                0.97278,                0.83841,                0.57588,                0.63377,                  1.138,               0.006931,               0.006931,               0.006931
                     95,                0.61978,                0.63206,                 1.0507,                0.97877,                 0.9244,                0.98389,                0.76013,                 0.7462,                0.74333,                 1.2621,               0.006898,               0.006898,               0.006898
                     96,                0.56427,                0.57529,                 1.0253,                0.92813,                0.99212,                0.98389,                0.81142,                0.66854,                0.62902,                 1.1689,               0.006865,               0.006865,               0.006865
                     97,                0.53827,                0.57859,                0.99901,                0.83374,                0.91538,                0.97595,                0.75781,                0.68573,                0.83403,                 1.2466,               0.006832,               0.006832,               0.006832
                     98,                0.57098,                0.56263,                 1.0186,                0.82627,                0.91279,                0.98389,                0.78333,                 0.6457,                0.83211,                 1.2276,               0.006799,               0.006799,               0.006799
                     99,                0.58452,                0.60471,                 1.0171,                0.92681,                      1,                  0.995,                0.81282,                0.72642,                0.77557,                 1.5545,               0.006766,               0.006766,               0.006766
                    100,                0.51333,                0.58125,                0.98569,                0.97372,                0.95781,                  0.995,                0.86139,                0.61201,                0.57091,                   1.29,               0.006733,               0.006733,               0.006733
                    101,                0.55225,                0.56754,                      1,                0.95772,                      1,                  0.995,                0.87719,                  0.539,                0.58459,                 1.2274,                 0.0067,                 0.0067,                 0.0067
                    102,                0.53295,                0.57793,                 1.0132,                 0.9551,                0.98967,                  0.995,                0.87017,                0.55715,                0.52781,                 1.2823,               0.006667,               0.006667,               0.006667
                    103,                0.50053,                0.53226,                0.96808,                0.97311,                0.93333,                0.98389,                0.83603,                0.65845,                0.57311,                 1.3886,               0.006634,               0.006634,               0.006634
                    104,                0.57512,                0.59304,                 1.0048,                0.96729,                0.93313,                0.98389,                0.79518,                0.70984,                0.64091,                 1.4311,               0.006601,               0.006601,               0.006601
                    105,                0.50317,                0.51692,                0.95171,                0.96324,                0.96433,                  0.995,                0.77192,                 0.7173,                 0.6613,                 1.4427,               0.006568,               0.006568,               0.006568
                    106,                0.47447,                0.51709,                0.96483,                0.95229,                0.93333,                0.98389,                 0.7302,                0.76128,                0.68347,                 1.4761,               0.006535,               0.006535,               0.006535
                    107,                0.55551,                0.61065,                0.98903,                0.77625,                0.95346,                0.93944,                0.77108,                0.73915,                0.66555,                 1.4197,               0.006502,               0.006502,               0.006502
                    108,                0.49044,                0.51458,                0.94387,                0.96059,                0.97265,                  0.995,                0.82005,                0.57439,                0.58475,                  1.143,               0.006469,               0.006469,               0.006469
                    109,                0.51616,                0.58289,                0.96936,                0.94452,                0.98904,                  0.995,                0.78766,                0.68359,                0.58952,                 1.3279,               0.006436,               0.006436,               0.006436
                    110,                0.49452,                 0.5463,                 1.0074,                0.92064,                0.83333,                0.93944,                0.74489,                0.74203,                0.73057,                 1.4161,               0.006403,               0.006403,               0.006403
                    111,                0.50944,                0.52213,                0.99553,                0.95563,                 0.9931,                  0.995,                0.86409,                0.69304,                0.61656,                 1.4003,                0.00637,                0.00637,                0.00637
                    112,                0.52967,                 0.5449,                0.99672,                0.95887,                      1,                  0.995,                0.88969,                0.63949,                0.47791,                 1.3158,               0.006337,               0.006337,               0.006337
                    113,                0.51585,                0.56882,                0.98043,                0.94451,                0.99634,                  0.995,                0.86246,                0.58441,                0.57125,                 1.2136,               0.006304,               0.006304,               0.006304
                    114,                0.54394,                0.53004,                 1.0232,                0.93431,                0.98612,                  0.995,                0.85666,                0.69817,                0.55444,                   1.39,               0.006271,               0.006271,               0.006271
                    115,                0.47607,                0.49182,                0.95508,                0.91174,                0.97891,                  0.995,                0.83254,                 0.5644,                0.55063,                  1.153,               0.006238,               0.006238,               0.006238
                    116,                0.47408,                0.51289,                0.98405,                 0.9065,                      1,                  0.995,                0.89779,                0.49634,                0.53436,                 1.0829,               0.006205,               0.006205,               0.006205
                    117,                0.46659,                0.51906,                0.96234,                0.94082,                0.94246,                  0.995,                0.78273,                0.59183,                0.58012,                 1.1685,               0.006172,               0.006172,               0.006172
                    118,                0.47832,                 0.5176,                0.95291,                0.97628,                      1,                  0.995,                0.84807,                0.53993,                0.45605,                 1.1332,               0.006139,               0.006139,               0.006139
                    119,                0.49892,                0.50113,                0.96112,                0.96452,                      1,                  0.995,                0.81863,                0.59556,                0.50493,                 1.1678,               0.006106,               0.006106,               0.006106
                    120,                0.46239,                0.48395,                0.94043,                0.94074,                0.97719,                  0.995,                0.89121,                0.50621,                0.47326,                 1.1207,               0.006073,               0.006073,               0.006073
                    121,                0.46217,                0.46147,                0.97858,                0.97431,                      1,                  0.995,                0.89665,                0.52096,                0.45329,                 1.1015,                0.00604,                0.00604,                0.00604
                    122,                0.48978,                 0.5156,                0.96249,                0.93644,                0.98928,                  0.995,                0.80143,                0.62827,                0.53309,                 1.1397,               0.006007,               0.006007,               0.006007
                    123,                0.49256,                0.53115,                0.99122,                0.97487,                      1,                  0.995,                0.84458,                0.57952,                0.46374,                 1.1402,               0.005974,               0.005974,               0.005974
                    124,                0.47151,                0.48226,                0.99179,                0.98226,                      1,                  0.995,                0.88558,                0.55941,                0.43786,                 1.1116,               0.005941,               0.005941,               0.005941
                    125,                0.46562,                0.47932,                0.94801,                0.98467,                      1,                  0.995,                0.91043,                0.51867,                0.44889,                 1.1145,               0.005908,               0.005908,               0.005908
                    126,                0.47396,                0.50833,                0.95558,                 0.9689,                      1,                  0.995,                0.86913,                0.54445,                 0.4484,                 1.1124,               0.005875,               0.005875,               0.005875
                    127,                0.51525,                0.48939,                0.98428,                0.96973,                      1,                  0.995,                0.87407,                 0.5137,                0.44021,                  1.097,               0.005842,               0.005842,               0.005842
                    128,                0.49133,                0.49296,                 0.9822,                0.97816,                      1,                  0.995,                0.87752,                0.53988,                0.48299,                 1.0961,               0.005809,               0.005809,               0.005809
                    129,                0.46338,                0.45797,                0.94958,                0.98571,                0.98639,                  0.995,                0.86309,                0.60709,                0.48032,                 1.1878,               0.005776,               0.005776,               0.005776
                    130,                0.51386,                0.53056,                0.98969,                0.98061,                      1,                  0.995,                0.89783,                 0.5285,                0.43054,                 1.1035,               0.005743,               0.005743,               0.005743
                    131,                0.47959,                0.47581,                0.96788,                   0.97,                0.98815,                  0.995,                0.86349,                0.54867,                0.50416,                 1.1168,                0.00571,                0.00571,                0.00571
                    132,                0.48786,                0.47889,                0.96669,                0.98747,                0.94943,                  0.995,                0.87556,                0.52193,                0.47672,                 1.0913,               0.005677,               0.005677,               0.005677
                    133,                 0.4582,                0.45963,                0.98008,                0.98514,                0.94641,                  0.995,                0.87077,                0.54918,                0.49243,                 1.1062,               0.005644,               0.005644,               0.005644
                    134,                0.46193,                0.44598,                0.93736,                0.96367,                0.98947,                  0.995,                0.86595,                0.53201,                0.48771,                 1.0774,               0.005611,               0.005611,               0.005611
                    135,                0.48248,                0.50678,                0.96668,                0.97702,                      1,                  0.995,                0.86668,                0.47364,                0.43706,                 1.0759,               0.005578,               0.005578,               0.005578
                    136,                 0.4118,                0.45072,                0.95031,                0.92491,                0.99702,                  0.995,                0.86871,                 0.5007,                0.48828,                 1.0948,               0.005545,               0.005545,               0.005545
                    137,                0.46544,                0.53066,                0.92521,                0.88014,                0.99657,                  0.995,                0.87105,                0.53194,                0.49876,                 1.1073,               0.005512,               0.005512,               0.005512
                    138,                 0.4758,                0.46341,                 0.9837,                0.92646,                 0.9954,                  0.995,                0.84917,                0.56273,                0.46383,                 1.1288,               0.005479,               0.005479,               0.005479
                    139,                0.47771,                0.47067,                0.94832,                0.97939,                      1,                  0.995,                0.85503,                0.54076,                0.40552,                  1.117,               0.005446,               0.005446,               0.005446
                    140,                0.50859,                0.49248,                 1.0063,                0.98511,                      1,                  0.995,                0.88741,                0.49524,                0.38041,                  1.084,               0.005413,               0.005413,               0.005413
                    141,                0.46468,                0.47198,                0.99164,                0.96901,                      1,                  0.995,                0.83503,                0.56166,                0.47285,                 1.1733,                0.00538,                0.00538,                0.00538
                    142,                0.41694,                0.43898,                0.94238,                0.92091,                0.99471,                  0.995,                0.84764,                0.51883,                 0.4778,                 1.0959,               0.005347,               0.005347,               0.005347
                    143,                0.42603,                0.44956,                0.94174,                0.82884,                 0.9894,                  0.995,                0.85633,                0.57021,                0.58781,                 1.1384,               0.005314,               0.005314,               0.005314
                    144,                0.53082,                0.50282,                0.99659,                0.82825,                 0.9899,                  0.995,                0.81604,                0.59614,                0.63356,                 1.1735,               0.005281,               0.005281,               0.005281
                    145,                0.43897,                0.46518,                0.97838,                 0.8213,                0.98847,                  0.995,                0.82711,                0.57987,                0.66491,                 1.1746,               0.005248,               0.005248,               0.005248
                    146,                0.44596,                0.47209,                0.96992,                 0.8258,                0.96591,                  0.995,                0.85926,                0.55513,                0.67155,                 1.1204,               0.005215,               0.005215,               0.005215
                    147,                0.44114,                0.44923,                0.92493,                0.82197,                0.97837,                  0.995,                0.86475,                0.51299,                0.68293,                 1.1122,               0.005182,               0.005182,               0.005182
                    148,                0.40652,                0.41952,                0.92956,                0.82484,                0.99004,                  0.995,                0.87844,                0.49601,                0.60945,                 1.0888,               0.005149,               0.005149,               0.005149
                    149,                0.47205,                0.47849,                0.99378,                0.94988,                      1,                  0.995,                0.83009,                0.53095,                0.47878,                 1.1091,               0.005116,               0.005116,               0.005116
                    150,                0.44592,                0.43971,                0.96964,                0.96419,                0.99304,                  0.995,                0.84342,                0.55376,                0.50974,                  1.126,               0.005083,               0.005083,               0.005083
                    151,                0.44487,                0.44363,                0.90782,                0.95656,                0.99506,                  0.995,                0.89818,                0.54723,                0.44029,                 1.1147,                0.00505,                0.00505,                0.00505
                    152,                0.43165,                0.42591,                0.93432,                0.97452,                0.99497,                  0.995,                0.89917,                0.50869,                0.44501,                 1.0828,               0.005017,               0.005017,               0.005017
                    153,                0.43454,                0.42697,                0.98026,                0.97138,                0.99075,                  0.995,                0.91259,                0.47905,                0.42268,                 1.0471,               0.004984,               0.004984,               0.004984
                    154,                0.52348,                0.47411,                0.99109,                0.96777,                0.99095,                  0.995,                0.92452,                 0.5014,                0.42981,                 1.0553,               0.004951,               0.004951,               0.004951
                    155,                0.43655,                0.44415,                0.94965,                 0.9529,                0.98741,                  0.995,                0.88322,                0.52756,                0.41486,                 1.0819,               0.004918,               0.004918,               0.004918
                    156,                0.38849,                0.39245,                0.93307,                0.95395,                0.98694,                  0.995,                0.90155,                0.52735,                0.40263,                 1.0925,               0.004885,               0.004885,               0.004885
                    157,                0.45185,                0.43412,                0.96008,                0.98569,                 0.9515,                  0.995,                 0.8724,                0.52898,                0.42306,                 1.1137,               0.004852,               0.004852,               0.004852
                    158,                 0.4486,                0.42401,                0.95901,                0.96392,                 0.9763,                  0.995,                0.86286,                0.49753,                0.43095,                  1.084,               0.004819,               0.004819,               0.004819
                    159,                0.40802,                 0.4156,                0.94139,                 0.9666,                0.93333,                0.97595,                0.88472,                0.50625,                0.42876,                 1.1023,               0.004786,               0.004786,               0.004786
                    160,                0.42811,                0.44591,                0.96844,                0.96699,                0.93333,                0.97595,                0.85154,                0.54033,                0.45831,                 1.0988,               0.004753,               0.004753,               0.004753
                    161,                0.44288,                0.44919,                0.96592,                0.95502,                0.93333,                0.98389,                0.85194,                 0.6094,                0.43036,                 1.1522,                0.00472,                0.00472,                0.00472
                    162,                0.41305,                0.46663,                0.93597,                 0.9629,                0.93333,                0.98389,                0.86012,                0.61075,                0.41809,                 1.1365,               0.004687,               0.004687,               0.004687
                    163,                0.42045,                0.41369,                0.93579,                0.98102,                0.95043,                  0.995,                0.87758,                0.53172,                0.37781,                 1.0621,               0.004654,               0.004654,               0.004654
                    164,                0.45884,                0.46599,                0.98465,                0.96187,                0.96922,                  0.995,                0.90063,                0.48687,                0.34917,                 1.0488,               0.004621,               0.004621,               0.004621
                    165,                0.45947,                0.43028,                0.96881,                 0.9868,                0.94274,                  0.995,                0.88515,                0.45422,                0.36672,                 1.0298,               0.004588,               0.004588,               0.004588
                    166,                0.41689,                0.41387,                0.94461,                0.98714,                0.94491,                  0.995,                0.90718,                0.44381,                0.34265,                 1.0229,               0.004555,               0.004555,               0.004555
                    167,                0.42911,                0.43141,                 0.9254,                0.96681,                0.96477,                  0.995,                0.92445,                0.44863,                0.33187,                 1.0114,               0.004522,               0.004522,               0.004522
                    168,                0.42792,                0.42187,                 0.9362,                  0.956,                0.98981,                  0.995,                0.92449,                 0.4553,                0.32645,                 1.0153,               0.004489,               0.004489,               0.004489
                    169,                0.43323,                0.41933,                0.97836,                0.95832,                0.99069,                  0.995,                0.93669,                0.45355,                0.32482,                 1.0709,               0.004456,               0.004456,               0.004456
                    170,                 0.4097,                0.40101,                0.95347,                0.95005,                0.98194,                  0.995,                0.91428,                0.45894,                0.32642,                 1.0432,               0.004423,               0.004423,               0.004423
                    171,                0.45845,                0.42493,                0.94369,                0.94729,                0.98973,                  0.995,                0.88143,                0.47955,                0.36832,                 1.0489,                0.00439,                0.00439,                0.00439
                    172,                0.42711,                0.42977,                0.94207,                0.95473,                0.96517,                  0.995,                0.90155,                 0.4995,                0.40875,                 1.0545,               0.004357,               0.004357,               0.004357
                    173,                0.41797,                0.40217,                0.95412,                0.95684,                0.93705,                  0.995,                0.87156,                0.59306,                 0.4708,                 1.1608,               0.004324,               0.004324,               0.004324
                    174,                0.41497,                0.40124,                0.95656,                0.97361,                0.94013,                  0.995,                0.85439,                0.64129,                0.43061,                 1.1942,               0.004291,               0.004291,               0.004291
                    175,                 0.3838,                 0.3935,                0.93772,                0.98015,                 0.9436,                  0.995,                0.86974,                0.65099,                0.43128,                 1.2127,               0.004258,               0.004258,               0.004258
                    176,                0.38022,                0.42753,                0.92506,                0.98108,                0.94834,                  0.995,                0.87813,                0.56823,                 0.4575,                 1.1153,               0.004225,               0.004225,               0.004225
                    177,                0.40407,                 0.3778,                0.93777,                0.95601,                0.98596,                  0.995,                 0.8675,                0.57294,                0.39659,                 1.1337,               0.004192,               0.004192,               0.004192
                    178,                0.38641,                0.39484,                0.90636,                0.96768,                0.99104,                  0.995,                0.86273,                0.59261,                0.39901,                 1.1639,               0.004159,               0.004159,               0.004159
                    179,                0.37161,                0.37136,                0.92464,                0.97454,                0.99719,                  0.995,                0.87595,                0.55051,                0.38665,                 1.1214,               0.004126,               0.004126,               0.004126
                    180,                0.43556,                0.42477,                0.92872,                0.97363,                0.99764,                  0.995,                  0.873,                0.50346,                0.36493,                 1.0715,               0.004093,               0.004093,               0.004093
                    181,                0.41584,                0.41887,                0.94066,                0.97263,                      1,                  0.995,                0.86502,                0.49319,                0.34851,                 1.0473,                0.00406,                0.00406,                0.00406
                    182,                0.38048,                0.38063,                0.92227,                0.97221,                      1,                  0.995,                0.88712,                0.46693,                0.36661,                 1.0249,               0.004027,               0.004027,               0.004027
                    183,                 0.4118,                0.40136,                 0.9436,                0.96434,                0.99307,                  0.995,                0.89519,                 0.4822,                0.35384,                 1.0368,               0.003994,               0.003994,               0.003994
                    184,                 0.3986,                0.40829,                0.93055,                0.97075,                0.99497,                  0.995,                0.89329,                0.49612,                 0.3357,                 1.0407,               0.003961,               0.003961,               0.003961
                    185,                 0.4111,                0.40723,                0.92238,                0.97938,                      1,                  0.995,                0.88177,                 0.5216,                0.33738,                 1.0624,               0.003928,               0.003928,               0.003928
                    186,                0.38367,                0.38017,                0.91772,                0.97605,                      1,                  0.995,                0.87522,                0.55528,                0.34697,                 1.0928,               0.003895,               0.003895,               0.003895
                    187,                 0.3757,                0.37029,                 0.9005,                0.97171,                      1,                  0.995,                0.86481,                0.56531,                0.38583,                 1.1162,               0.003862,               0.003862,               0.003862
                    188,                0.35456,                0.36979,                0.92299,                0.96181,                 0.9992,                  0.995,                 0.8689,                0.55631,                0.36047,                 1.1006,               0.003829,               0.003829,               0.003829
                    189,                0.39151,                0.36452,                0.92965,                0.97107,                      1,                  0.995,                0.87521,                0.56408,                0.35378,                 1.0927,               0.003796,               0.003796,               0.003796
                    190,                0.38996,                 0.4347,                0.94327,                0.97696,                      1,                  0.995,                0.86374,                0.57396,                0.36384,                  1.112,               0.003763,               0.003763,               0.003763
                    191,                0.34822,                0.37998,                0.90517,                0.97933,                      1,                  0.995,                0.86543,                0.49873,                  0.318,                 1.0465,                0.00373,                0.00373,                0.00373
                    192,                0.40537,                0.40499,                0.95852,                0.97924,                      1,                  0.995,                0.86956,                0.49827,                0.36458,                 1.0664,               0.003697,               0.003697,               0.003697
                    193,                0.38491,                0.36729,                0.92858,                0.98298,                      1,                  0.995,                0.89654,                0.48567,                0.40246,                  1.064,               0.003664,               0.003664,               0.003664
                    194,                0.39851,                0.38604,                0.93528,                0.97997,                      1,                  0.995,                0.89292,                0.49456,                0.40048,                 1.0461,               0.003631,               0.003631,               0.003631
                    195,                0.37874,                0.37637,                 0.9285,                0.96801,                0.99734,                  0.995,                0.87105,                0.49644,                 0.3797,                 1.0379,               0.003598,               0.003598,               0.003598
                    196,                0.35597,                0.36861,                0.91231,                0.95667,                0.99129,                  0.995,                0.86173,                 0.4856,                0.33842,                 1.0258,               0.003565,               0.003565,               0.003565
                    197,                0.34879,                0.35706,                0.91004,                0.98783,                0.94204,                  0.995,                0.85851,                0.49496,                0.35035,                 1.0241,               0.003532,               0.003532,               0.003532
                    198,                0.36873,                0.36202,                 0.9302,                0.98093,                0.93333,                0.98389,                0.85717,                0.50655,                0.37117,                  1.027,               0.003499,               0.003499,               0.003499
                    199,                0.36752,                 0.3261,                0.93638,                0.98178,                0.93333,                0.98389,                0.87517,                0.47356,                0.35596,                 1.0112,               0.003466,               0.003466,               0.003466
                    200,                0.37379,                0.38421,                0.92387,                0.98685,                0.93896,                  0.995,                0.89526,                0.46719,                0.35215,                  1.006,               0.003433,               0.003433,               0.003433
                    201,                0.38968,                0.40282,                0.93117,                0.96425,                0.99407,                  0.995,                0.90799,                0.46766,                0.35103,                0.99723,                 0.0034,                 0.0034,                 0.0034
                    202,                0.34346,                0.37645,                0.91651,                0.97271,                      1,                  0.995,                0.89053,                0.49665,                0.35167,                  1.012,               0.003367,               0.003367,               0.003367
                    203,                0.32133,                0.31861,                0.90596,                0.97525,                      1,                  0.995,                0.86771,                0.53408,                0.39024,                 1.0459,               0.003334,               0.003334,               0.003334
                    204,                0.35968,                0.37025,                0.92314,                0.97102,                0.99458,                  0.995,                0.88859,                0.50523,                0.36056,                 1.0168,               0.003301,               0.003301,               0.003301
                    205,                0.35041,                0.35324,                0.91008,                0.97225,                0.99304,                  0.995,                0.88755,                0.48902,                0.31333,                 1.0256,               0.003268,               0.003268,               0.003268
                    206,                0.37349,                0.32897,                 0.9057,                0.97966,                      1,                  0.995,                0.87283,                0.47188,                0.29853,                 1.0231,               0.003235,               0.003235,               0.003235
                    207,                 0.3304,                0.32642,                0.92343,                0.98107,                      1,                  0.995,                0.87685,                0.48604,                0.28498,                 1.0388,               0.003202,               0.003202,               0.003202
                    208,                0.36253,                0.36699,                0.93033,                0.98111,                      1,                  0.995,                0.87153,                0.46531,                0.28194,                  1.027,               0.003169,               0.003169,               0.003169
                    209,                0.33784,                0.34999,                0.91088,                0.98183,                      1,                  0.995,                0.86707,                0.48197,                0.29033,                  1.025,               0.003136,               0.003136,               0.003136
                    210,                0.36279,                0.37253,                0.92232,                0.98272,                      1,                  0.995,                0.86426,                 0.4996,                0.29831,                 1.0437,               0.003103,               0.003103,               0.003103
                    211,                  0.324,                0.37605,                0.90658,                0.97813,                      1,                  0.995,                0.88104,                0.53612,                0.27541,                  1.136,                0.00307,                0.00307,                0.00307
                    212,                0.32232,                0.31312,                0.90576,                0.97815,                      1,                  0.995,                 0.8917,                 0.5458,                0.29243,                 1.1512,               0.003037,               0.003037,               0.003037
                    213,                0.36482,                0.39239,                 0.9338,                0.98037,                      1,                  0.995,                0.86127,                0.53784,                0.31185,                 1.0874,               0.003004,               0.003004,               0.003004
                    214,                0.32052,                0.34482,                0.88649,                0.98365,                      1,                  0.995,                0.86127,                0.51174,                0.31079,                 1.0538,               0.002971,               0.002971,               0.002971
                    215,                0.36935,                0.35284,                0.94613,                0.98384,                      1,                  0.995,                0.88624,                0.46584,                0.29002,                 1.0168,               0.002938,               0.002938,               0.002938
                    216,                0.32636,                0.32532,                 0.9142,                0.97639,                0.99917,                  0.995,                0.86222,                0.47869,                0.28378,                 1.0304,               0.002905,               0.002905,               0.002905
                    217,                0.32892,                0.33799,                0.88241,                0.96809,                 0.9926,                  0.995,                0.87181,                0.48062,                0.29305,                 1.0243,               0.002872,               0.002872,               0.002872
                    218,                0.38054,                0.35741,                0.95875,                0.97638,                0.99693,                  0.995,                0.89851,                0.47143,                0.30381,                 1.0209,               0.002839,               0.002839,               0.002839
                    219,                0.33547,                0.32238,                0.92748,                0.98138,                      1,                  0.995,                 0.8817,                0.48347,                0.32178,                 1.0269,               0.002806,               0.002806,               0.002806
